a,b,theta,A1,A2,cx,cy,cz,status
5.9,8.6,65.0,-1,33.0,0.0,8.2,11.283849092185566,NotYet
5.9,8.6,65.5,-2,33.0,0.0,8.2,11.25030391151603,NotYet
6.0,8.5,67.0,-3,33.0,0.0,8.2,11.214498125495446,NotYet
6.0,8.5,68.0,-4,33.0,0.0,8.2,11.210336446585975,NotYet
6.0,8.5,69.0,-5,33.0,0.0,8.0,11.249992078878105,NotYet
6.0,8.5,70.0,-6,33.0,0.0,8.0,11.24552948102183,NotYet
6.1,8.5,71.0,-7,33.0,0.0,8.2,11.338651142391765,NotYet
